assigned_class,n,proportion,mean_assigned_posterior
1,1244,0.2760763426542388,0.7418406089954691
2,666,0.1478029294274301,0.7841825794465327
3,1569,0.34820239680426096,0.7635286538876196
4,810,0.17976031957390146,0.7519599874410628
5,217,0.04815801154016867,0.8754310313889959
