indicator,center,scale
bmi,29.751864181091875,7.109583492312111
waist_cm,100.87669773635153,16.930742866108815
systolic_bp,126.66289391921882,19.57051901512549
hba1c,5.8618508655126496,1.104304177620754
total_cholesterol,188.54616067465602,41.53786472752356
hdl_c_risk,-53.189303151353755,15.608867427772605
