"term","edf","ref.df","statistic","p.value"
"s(BMT_Access_Score)",3.30667076674685,3.6188738514819,44.9748551924295,0
"s(Hematologists_Per_Million)",2.11016576981339,2.54270936004674,1.29714473511008,0.155641307843831
"s(Myeloma_Incidence_Per_100K)",1.0001315418442,1.00024940510498,0.00235263196277959,0.962639877628007
