"profile","label","n","proportion","average_assigned_posterior","n_below_0_70"
1,"Profile 1",430,0.0904501472444258,0.71421926191877,210
2,"Profile 2",400,0.0841396718552798,0.836289272769864,102
3,"Lower cardiometabolic burden",3662,0.770298695835086,0.875014571901733,484
4,"Higher cardiometabolic burden",262,0.0551114850652082,0.856489324629351,60
