"Continent","N","Myeloma_Incidence_Per_100K_mean","Myeloma_Incidence_Per_100K_sd","Leukemia_Incidence_Per_100K_mean","Leukemia_Incidence_Per_100K_sd","Myeloma_5Y_Survival_Pct_mean","Myeloma_5Y_Survival_Pct_sd","Leukemia_5Y_Survival_Pct_mean","Leukemia_5Y_Survival_Pct_sd","BMT_Access_Score_mean","BMT_Access_Score_sd","Hematologists_Per_Million_mean","Hematologists_Per_Million_sd"
"Africa",9,1.82222222222222,0.807430767585955,5,1.53133928311136,18.1111111111111,9.11652955411823,15.6666666666667,9.17877987534291,14.8888888888889,12.3333333333333,0.611111111111111,0.686375342732467
"Americas",9,4.31111111111111,1.9341952101872,8.63333333333333,3.39926462635671,42.0888888888889,9.44569272796395,46.4444444444444,10.6432033607264,59.6666666666667,20.7304124416279,4.85555555555556,3.98124073346209
"Asia",16,3.10625,1.78977419432359,6.45625,2.85236013387744,37.6875,12.235024860348,40.6875,16.6602070815461,54.75,28.5505399832181,4.01875,3.40219904375587
"Europe",14,7.58571428571429,1.59415139849347,14,2.33863865725998,53.4285714285714,6.38163574056642,60.6428571428571,7.5203021917304,88.2142857142857,13.1276488692821,10.1642857142857,2.93378388980646
"Oceania",2,8.15,0.919238815542512,14.25,0.353553390593274,56.5,0.707106781186548,63.5,0.707106781186548,93.5,0.707106781186548,11.5,0.707106781186548
