"Metric","Value"
"AUC",0.964624881291548
"AUC_CI_low",0.944667914652379
"AUC_CI_up",0.984581847930717
"threshold",0.915085596527179
"sensitivity",0.862962962962963
"specificity",0.974358974358974
"ppv",0.995726495726496
"npv",0.506666666666667
"tp",233
"tn",38
"fp",1
"fn",37
