"Variable","Chi_Sq","df","p_value","p_adjusted"
"gender",0.0614285923799633,2,0.969752595512272,1
"platform_usage",5.06362701105457,8,0.750754451033555,1
"sleep_quality",2.56193423283729,4,0.63358089658978,1
"depression_label",18.0783012148905,2,0.00011867159242466,0.000593357962123299
"social_interaction_level",4.98037882226644,4,0.289316682427225,1
