"term","estimate","std.error","statistic","p.value","conf.low","conf.high"
"gender_num",3.69244612742826,0.659228590964629,1.98154200757163,0.0475305233334015,1.06648718041377,14.6729979950034
"daily_social_media_hours",3.11224054422876,0.219258440253481,5.17810350981136,2.24152859611035e-07,2.12129068695087,5.0560963516474
"sleep_hours",0.0776454236559254,0.510862978427354,-5.00252078262471,5.65854795996957e-07,0.0235466019447437,0.180942089158171
"screen_time_before_sleep",0.5415851015145,0.398108524730497,-1.54042183964667,0.123457561264562,0.239099757629353,1.1620193363392
"academic_performance",2.67711858521599,0.560157483353267,1.75797180368664,0.0787523070489502,0.909734983080087,8.41235899529994
"physical_activity",0.401623171534898,0.576131924542189,-1.58338910823057,0.113332803958423,0.119874506488257,1.18541231491293
"stress_level",2.57479837259754,0.189084896492625,5.00183381480692,5.67875332317447e-07,1.8602548588685,3.94216297681668
"anxiety_level",3.01306126375886,0.22915397565719,4.81316804528898,1.48556268657098e-06,2.03723635587682,5.05314392981196
