"Metric","Value"
"AUC",0.990728220977397
"AUC_CI_low",0.98315658715392
"AUC_CI_up",0.99829985480088
"threshold",0.037470997538389
"sensitivity",0.967741935483871
"specificity",0.95295124037639
"ppv",0.352941176470588
"npv",0.999103139013453
